NAME	LEFT_PRIMER	RIGHT_PRIMER
1	TAAACTTCAGGGTGACCAAAAAATCA	GACTATATTCAACAAATCATAAAGATATTGG
2	TAAACTTCAGGGTGACCAAAAAATCA	GACTATTTTCAACAAATCATAAAGATATTGG
3	TAAACTTCAGGGTGACCAAAAAATCA	GATTATATTCAACAAATCATAAAGATATTGG
4	TAAACTTCAGGGTGACCAAAAAATCA	GATTATTTTCAACAAATCATAAAGATATTGG
5	TAAACTTCAGGGTGACCAAAGAATCA	GACTATATTCAACAAATCATAAAGATATTGG
6	TAAACTTCAGGGTGACCAAAGAATCA	GACTATTTTCAACAAATCATAAAGATATTGG
7	TAAACTTCAGGGTGACCAAAGAATCA	GATTATATTCAACAAATCATAAAGATATTGG
8	TAAACTTCAGGGTGACCAAAGAATCA	GATTATTTTCAACAAATCATAAAGATATTGG
9	TAAACTTCTGGGTGACCAAAAAATCA	GACTATATTCAACAAATCATAAAGATATTGG
10	TAAACTTCTGGGTGACCAAAAAATCA	GACTATTTTCAACAAATCATAAAGATATTGG
11	TAAACTTCTGGGTGACCAAAAAATCA	GATTATATTCAACAAATCATAAAGATATTGG
12	TAAACTTCTGGGTGACCAAAAAATCA	GATTATTTTCAACAAATCATAAAGATATTGG
13	TAAACTTCTGGGTGACCAAAGAATCA	GACTATATTCAACAAATCATAAAGATATTGG
14	TAAACTTCTGGGTGACCAAAGAATCA	GACTATTTTCAACAAATCATAAAGATATTGG
15	TAAACTTCTGGGTGACCAAAGAATCA	GATTATATTCAACAAATCATAAAGATATTGG
16	TAAACTTCTGGGTGACCAAAGAATCA	GATTATTTTCAACAAATCATAAAGATATTGG
17	TACACTTCAGGGTGACCAAAAAATCA	GACTATATTCAACAAATCATAAAGATATTGG
18	TACACTTCAGGGTGACCAAAAAATCA	GACTATTTTCAACAAATCATAAAGATATTGG
19	TACACTTCAGGGTGACCAAAAAATCA	GATTATATTCAACAAATCATAAAGATATTGG
20	TACACTTCAGGGTGACCAAAAAATCA	GATTATTTTCAACAAATCATAAAGATATTGG
21	TACACTTCAGGGTGACCAAAGAATCA	GACTATATTCAACAAATCATAAAGATATTGG
22	TACACTTCAGGGTGACCAAAGAATCA	GACTATTTTCAACAAATCATAAAGATATTGG
23	TACACTTCAGGGTGACCAAAGAATCA	GATTATATTCAACAAATCATAAAGATATTGG
24	TACACTTCAGGGTGACCAAAGAATCA	GATTATTTTCAACAAATCATAAAGATATTGG
25	TACACTTCTGGGTGACCAAAAAATCA	GACTATATTCAACAAATCATAAAGATATTGG
26	TACACTTCTGGGTGACCAAAAAATCA	GACTATTTTCAACAAATCATAAAGATATTGG
27	TACACTTCTGGGTGACCAAAAAATCA	GATTATATTCAACAAATCATAAAGATATTGG
28	TACACTTCTGGGTGACCAAAAAATCA	GATTATTTTCAACAAATCATAAAGATATTGG
29	TACACTTCTGGGTGACCAAAGAATCA	GACTATATTCAACAAATCATAAAGATATTGG
30	TACACTTCTGGGTGACCAAAGAATCA	GACTATTTTCAACAAATCATAAAGATATTGG
31	TACACTTCTGGGTGACCAAAGAATCA	GATTATATTCAACAAATCATAAAGATATTGG
32	TACACTTCTGGGTGACCAAAGAATCA	GATTATTTTCAACAAATCATAAAGATATTGG
