NAME;LEFT_PRIMER;RIGHT_PRIMER
1;TAAACTTCAGGGTGACCAAAAAACCA;GGTCAACAAATCATAAAGACATCGG
2;TAAACTTCAGGGTGACCAAAAAACCA;GGTCAACAAATCATAAAGACATTGG
3;TAAACTTCAGGGTGACCAAAAAACCA;GGTCAACAAATCATAAAGATATCGG
4;TAAACTTCAGGGTGACCAAAAAACCA;GGTCAACAAATCATAAAGATATTGG
5;TAAACTTCAGGGTGACCAAAAAATCA;GGTCAACAAATCATAAAGACATCGG
6;TAAACTTCAGGGTGACCAAAAAATCA;GGTCAACAAATCATAAAGACATTGG
7;TAAACTTCAGGGTGACCAAAAAATCA;GGTCAACAAATCATAAAGATATCGG
8;TAAACTTCAGGGTGACCAAAAAATCA;GGTCAACAAATCATAAAGATATTGG
9;TAAACTTCAGGGTGACCAAAGAACCA;GGTCAACAAATCATAAAGACATCGG
10;TAAACTTCAGGGTGACCAAAGAACCA;GGTCAACAAATCATAAAGACATTGG
11;TAAACTTCAGGGTGACCAAAGAACCA;GGTCAACAAATCATAAAGATATCGG
12;TAAACTTCAGGGTGACCAAAGAACCA;GGTCAACAAATCATAAAGATATTGG
13;TAAACTTCAGGGTGACCAAAGAATCA;GGTCAACAAATCATAAAGACATCGG
14;TAAACTTCAGGGTGACCAAAGAATCA;GGTCAACAAATCATAAAGACATTGG
15;TAAACTTCAGGGTGACCAAAGAATCA;GGTCAACAAATCATAAAGATATCGG
16;TAAACTTCAGGGTGACCAAAGAATCA;GGTCAACAAATCATAAAGATATTGG
